experience,egg,mandible,hardhat,knight,papillosaur,startLife,hasGlove,hasGlove2,hasBomb,pitfalls,spikes,grass,whiteRock,inside,surface,finished,swordHits,bombUsage,explodeHits,thrownHits,time,dirChange,lifeLost,clangs,uselessKeys,moving,standing,percStanding,avgAggro,killEgg,killMandible,killHardhat,killKnight,free,freezed,grabbing,hurt,stairs,loading,spin,swing,tap,carry,lift,treasure,useItem,falling,backOnFeet,prediction,intention,reported
2,1,0,0,0,0,24,0,0,0,0,0,0,0,0,120,1,3,0,0,0,5,4,2,0,0,9,11,0.55,0.6,1,0,0,0,1,0,0,1,0,0,0,10,0,0,0,0,0,0,0,2.4894,1,1
2,0,1,0,0,0,22,0,0,0,0,0,0,0,0,128,1,3,0,0,0,6,8,4,0,0,16,14,0.46666666666667,0.76666666666667,0,1,0,0,3,0,0,2,0,0,0,15,0,0,0,0,0,0,0,3.1137,1,1
2,0,0,1,0,0,18,0,0,0,0,0,0,0,0,132,1,3,0,0,0,7,3,2,0,0,13,20,0.60606060606061,0.63636363636364,0,0,1,0,5,0,0,1,0,0,0,11,0,0,0,0,0,0,0,2.2885,1,2
2,0,0,0,1,0,16,0,0,0,0,0,0,0,0,96,1,3,0,0,0,3,0,2,0,0,5,12,0.70588235294118,0.70588235294118,0,0,0,1,1,0,0,1,0,0,0,10,0,0,0,0,0,0,0,2.4625,1,1
2,0,0,1,0,0,14,0,0,0,0,0,4,0,0,292,1,3,0,0,0,10,13,2,0,0,30,19,0.38775510204082,0.61224489795918,0,0,1,0,8,0,0,1,0,0,0,11,0,0,0,0,0,0,0,2.3154,2.2885,1
2,0,1,0,0,0,12,0,0,0,0,0,0,4,0,328,1,3,0,0,0,5,4,0,0,0,16,13,0.44827586206897,0.62068965517241,0,1,0,0,2,0,0,0,0,0,0,9,0,0,0,0,0,0,0,1.8954,3.1137,1
2,0,0,1,2,0,12,1,0,0,0,0,0,4,0,328,1,9,0,0,0,15,10,4,3,0,27,47,0.63513513513514,1.0135135135135,0,0,1,2,9,0,0,2,0,0,0,29,0,0,0,0,0,0,0,3.794,4.46955,2
2,0,1,3,1,0,8,1,0,0,0,0,4,0,0,300,1,15,0,0,0,36,50,0,0,0,74,108,0.59340659340659,0.57692307692308,0,1,3,1,23,0,0,2,0,0,0,43,0,0,0,0,0,0,0,3.7211,5.5403289473684,3
2,0,0,1,0,0,8,1,0,0,0,0,4,0,0,252,1,3,0,0,0,7,5,2,0,0,12,22,0.64705882352941,0.67647058823529,0,0,1,0,7,0,0,1,0,0,0,7,0,0,0,0,0,0,0,2.0699,2.0871084057971,2
2,0,1,3,0,0,6,1,0,0,0,0,0,0,0,304,1,12,0,0,0,16,12,2,0,0,32,43,0.57333333333333,1.3466666666667,0,1,3,0,14,0,0,1,0,0,0,20,0,0,0,0,0,0,0,3.5274,3.1497276150628,3
2,2,1,0,1,0,8,1,0,0,0,0,0,0,0,220,1,12,0,0,0,18,16,2,1,0,28,62,0.68888888888889,0.95555555555556,2,1,0,1,7,0,0,1,0,0,0,35,0,0,0,0,0,0,0,3.6343,4.493716,3
2,2,2,3,1,0,6,1,0,0,30,8,4,0,1,252,-1,8,0,0,0,8,6,4,4,0,13,22,0.62857142857143,4.8571428571429,0,0,1,0,6,0,0,2,0,0,0,15,0,0,0,0,0,1,1,3.7245,5.2275577014925,3
2,2,5,1,1,0,24,1,0,0,2,20,0,4,1,256,1,27,0,0,0,28,21,10,1,0,30,110,0.78571428571429,1.5142857142857,2,5,1,1,13,0,0,5,0,0,0,71,0,0,0,0,0,0,0,8.3003,6.1113838175201,4
2,0,0,0,0,0,14,1,0,0,12,4,4,0,1,244,1,0,0,0,0,0,0,0,0,0,0,0,0,0,0,0,0,0,0,0,0,0,0,0,0,0,0,0,0,0,0,0,0,1.3787,2.0899634837651,1
2,1,0,0,1,0,14,1,0,0,12,14,0,0,1,240,1,6,0,0,0,18,15,-2,10,0,25,66,0.72527472527473,0.73626373626374,1,0,0,1,7,0,0,1,0,0,0,38,0,0,0,0,0,0,0,2.6591,3.8056876879547,2
2,2,0,0,1,0,20,1,0,1,12,14,0,0,1,240,1,9,0,0,0,7,2,0,0,0,6,25,0.80645161290323,1.9032258064516,2,0,0,1,4,0,0,0,0,0,0,14,0,0,0,0,0,0,0,2.7698,4.8501627492104,3
2,1,0,2,1,0,20,1,0,1,12,14,0,0,1,240,1,12,0,0,0,19,17,4,0,0,19,71,0.78888888888889,1.1555555555556,1,0,2,1,13,0,0,2,0,0,0,26,0,0,0,0,0,0,0,3.5204,5.8830885268549,3
2,0,0,0,0,0,16,1,0,1,20,4,4,0,1,204,1,0,0,0,0,0,0,0,0,0,0,0,0,0,0,0,0,0,0,0,0,0,0,0,0,0,0,0,0,0,0,0,0,1.3787,2.0278202028779,2
2,0,0,0,0,0,20,1,0,1,12,10,0,0,1,160,1,0,0,0,0,0,0,0,0,0,0,0,0,0,0,0,0,0,0,0,0,0,0,0,0,0,0,0,0,0,0,0,0,1.3787,1.9522294128764,1
2,1,0,1,1,0,20,1,0,1,32,4,0,0,1,212,1,9,0,0,0,14,16,2,0,0,20,49,0.71014492753623,0.84057971014493,1,0,1,1,9,0,0,1,0,0,0,14,0,0,0,0,0,0,0,2.6232,4.8492376213144,3
2,0,0,0,0,1,18,1,0,1,0,0,0,0,1,3744,1,0,4,3,0,124,133,8,0,3,375,243,0.39320388349515,5.9660194174757,0,0,0,0,37,0,0,6,0,3,1,71,0,4,4,0,5,0,0,0.7612,6,3
1,1,0,0,0,0,24,0,0,0,0,0,0,0,0,208,1,3,0,0,0,19,11,8,0,0,27,68,0.71578947368421,0.44210526315789,1,0,0,0,7,0,0,4,0,0,0,3,0,0,0,0,0,0,0,2.1647,1,1
1,0,1,0,0,0,16,0,0,0,0,0,0,0,0,200,1,3,0,0,0,6,2,2,0,1,6,26,0.8125,0.625,0,1,0,0,4,0,0,1,0,0,0,3,0,0,0,0,0,0,0,1.7975,1,1
1,0,0,1,0,0,14,0,0,0,0,0,0,0,0,184,1,3,0,0,0,6,1,2,0,1,7,20,0.74074074074074,0.66666666666667,0,0,1,0,4,0,0,1,0,0,0,5,0,0,0,0,0,0,0,2.0413,1,1
1,0,0,0,1,0,12,0,0,0,0,0,0,0,0,228,1,3,0,0,0,16,4,2,0,0,11,65,0.85526315789474,0.73684210526316,0,0,0,1,4,0,0,1,0,0,0,4,0,0,0,0,0,0,0,0.7896,1,1
1,0,2,0,0,0,10,0,0,0,0,0,4,0,0,284,1,6,0,0,0,18,12,6,0,0,25,64,0.71910112359551,0.48314606741573,0,2,0,0,10,0,0,3,0,0,0,9,0,0,0,0,0,0,0,2.5161,2.2163,2
1,1,2,0,0,0,4,0,0,0,0,0,4,0,0,200,1,9,0,0,0,11,3,0,0,0,5,51,0.91071428571429,1.0714285714286,1,2,0,0,8,0,0,0,0,0,0,14,0,0,0,0,0,0,0,2.0704,3.3021,1
1,0,1,0,0,0,4,0,0,0,0,0,4,0,0,200,1,3,0,0,0,5,3,2,0,0,5,21,0.80769230769231,0.73076923076923,0,1,0,0,4,0,0,1,0,0,0,7,0,0,0,0,0,0,0,2.0968,2.0603794762485,1
1,0,1,0,1,0,2,0,0,0,0,0,4,0,0,256,-1,2,0,0,0,5,6,0,0,0,9,15,0.625,0.25,0,0,0,0,3,0,0,1,0,0,0,4,0,0,0,0,0,0,0,1.9694,3.0664588026383,3
1,1,1,1,0,0,18,0,0,0,0,0,0,4,0,284,1,9,0,0,0,16,4,2,0,0,11,68,0.86075949367089,0.78481012658228,1,1,1,0,8,0,0,1,0,0,0,33,0,0,0,0,0,0,0,2.8949,4.0663093017393,2
1,0,1,0,1,0,14,1,0,0,0,0,0,4,0,284,1,6,0,0,0,29,11,10,19,0,29,118,0.80272108843537,0.86394557823129,0,1,0,1,15,0,0,5,0,2,0,76,0,0,0,0,0,0,0,4.8219,3.0572595956845,6
1,2,4,4,6,0,4,1,0,0,0,0,0,0,0,244,-1,6,0,0,0,10,11,2,5,0,10,38,0.79166666666667,1.5,0,0,0,0,8,0,0,2,0,0,0,15,0,0,0,0,0,0,0,2.9637,6.0949321028522,6
1,1,0,0,0,0,24,1,0,0,14,24,4,0,1,268,1,3,0,0,0,12,11,2,0,0,12,52,0.8125,0.34375,1,0,0,0,5,0,0,1,0,0,0,5,0,0,0,0,0,0,0,1.1805,1,2
1,0,1,0,0,0,24,1,0,0,14,6,0,0,1,200,1,3,0,0,0,11,11,0,0,0,15,41,0.73214285714286,0.33928571428571,0,1,0,0,3,0,0,0,0,0,0,3,0,0,0,0,0,0,0,0.895,1,1
1,0,0,1,0,0,24,1,0,0,18,2,0,4,1,204,1,3,0,0,0,8,4,2,0,0,9,30,0.76923076923077,0.76923076923077,0,0,1,0,5,0,0,1,0,0,0,5,0,0,0,0,0,0,0,1.7723,1,2
1,0,0,0,1,0,22,1,0,0,18,24,0,0,1,264,1,3,0,0,0,10,11,6,4,0,18,35,0.66037735849057,0.71698113207547,0,0,0,1,10,0,0,3,0,0,0,9,0,0,0,0,0,0,0,2.8006,1,3
1,4,0,2,0,0,16,1,0,1,18,24,0,0,1,264,1,18,0,0,0,21,32,8,0,0,25,82,0.76635514018692,1.3177570093458,4,0,2,0,13,0,0,3,0,0,0,20,0,0,0,0,0,2,1,4.4675,6.1659,5
1,1,0,0,1,0,6,1,0,1,12,28,0,4,1,192,-1,5,0,0,0,13,11,4,1,0,16,50,0.75757575757576,0.56060606060606,1,0,0,0,8,0,0,3,0,0,0,9,0,0,0,0,0,0,0,2.7275,3.2078260869565,6
1,3,0,1,0,0,24,1,0,1,14,4,4,0,1,180,1,12,0,0,0,14,10,2,0,0,11,63,0.85135135135135,1.0675675675676,3,0,1,0,8,0,0,1,0,0,0,30,0,0,0,0,0,1,0,3.4014,3.0585669902913,5
1,2,0,1,1,0,20,1,0,1,6,34,0,0,1,204,1,12,0,0,0,19,23,10,5,0,28,66,0.70212765957447,1.031914893617,2,0,1,1,14,0,0,4,0,0,0,27,0,0,0,0,0,1,1,4.6941,4.2576534883721,4
1,3,1,2,0,0,14,1,0,1,4,20,0,0,1,228,1,18,0,0,0,17,30,2,0,0,26,59,0.69411764705882,1.6588235294118,3,1,2,0,14,0,0,1,0,0,0,32,0,0,0,0,0,0,0,4.5826,5.16977,4
1,2,3,0,0,0,12,1,0,1,12,18,0,0,1,280,1,15,0,0,0,12,2,-4,0,0,5,57,0.91935483870968,1.5967741935484,2,3,0,0,4,0,0,0,0,0,0,38,0,0,0,0,0,0,0,3.889,2.121223715415,3
1,1,0,2,0,0,16,1,0,1,8,24,0,0,1,216,1,7,0,0,0,12,13,4,0,0,22,41,0.65079365079365,0.95238095238095,1,0,2,0,8,0,0,2,0,0,0,17,0,0,0,0,0,0,0,3.1306,3.0678802955665,3
1,1,3,1,0,0,12,1,0,1,6,30,0,0,1,244,1,15,0,0,0,19,9,-2,0,0,17,76,0.81720430107527,1.2043010752688,1,3,1,0,15,0,0,1,0,0,0,25,0,0,0,0,0,0,0,3.3413,4.032521907655,3
1,0,0,0,0,1,14,1,0,1,0,0,0,0,1,3744,-1,0,0,0,0,32,13,12,0,0,84,73,0.46496815286624,3.8853503184713,0,0,0,0,10,0,0,7,0,3,0,51,0,0,0,0,0,0,0,5.0092,6,6
0,1,0,0,0,0,24,0,0,0,12,20,0,0,1,252,1,3,0,0,0,16,9,4,0,0,6,73,0.92405063291139,0.27848101265823,1,0,0,0,5,0,0,2,0,0,0,3,0,0,0,0,0,0,0,1.0322,1,2
0,0,1,0,0,0,20,0,0,1,12,20,0,0,1,252,1,3,0,0,0,17,26,2,0,0,9,76,0.89411764705882,0.16470588235294,0,1,0,0,3,0,0,1,0,0,0,5,0,0,0,0,0,0,0,0.5349,1,3
0,0,0,1,0,0,18,0,0,1,12,20,0,0,1,252,1,3,0,0,0,7,7,4,0,0,1,34,0.97142857142857,0.71428571428571,0,0,1,0,5,0,0,2,0,0,0,4,0,0,0,0,0,0,0,2.1225,1,3
0,0,0,0,1,0,12,0,0,1,22,12,0,0,1,228,1,3,0,0,0,10,30,4,1,0,7,38,0.84444444444444,0.44444444444444,0,0,0,1,4,0,0,2,0,0,0,7,0,0,0,0,0,0,0,2.1385,1,3
0,0,1,0,1,0,20,0,0,1,6,8,0,0,1,224,1,6,0,0,0,17,11,6,4,0,4,82,0.95348837209302,0.62790697674419,0,1,0,1,14,0,0,3,0,0,0,18,0,0,0,0,0,0,0,2.4027,3.1385,4
0,1,2,0,0,0,14,0,0,1,6,8,0,0,1,224,1,9,0,0,0,51,34,8,0,0,13,243,0.94921875,0.29296875,1,2,0,0,14,0,0,4,0,0,0,14,0,0,0,0,0,0,0,-1.0984,4.1017,3
0,1,1,1,1,0,6,0,0,1,16,18,0,0,1,256,-1,6,0,0,0,30,32,4,0,0,12,140,0.92105263157895,0.30921052631579,0,1,1,1,8,0,0,3,0,0,0,8,0,0,0,0,0,0,0,0.4305,5.674,4
0,3,1,0,0,0,24,0,0,1,22,6,0,0,1,224,1,12,0,0,0,37,13,10,0,0,5,181,0.97311827956989,0.5752688172043,3,1,0,0,14,0,0,5,0,0,0,10,0,0,0,0,0,0,0,1.3992,5.2899054545455,4
0,0,1,0,0,0,14,0,0,1,2,36,0,0,1,268,1,3,0,0,0,6,3,0,0,0,1,26,0.96296296296296,0.74074074074074,0,1,0,0,3,0,0,0,0,0,0,5,0,0,0,0,0,0,0,1.3809,2.2698297478992,4
0,0,1,1,0,0,14,0,0,1,12,14,0,0,1,192,1,6,0,0,0,17,16,0,0,0,4,82,0.95348837209302,0.55813953488372,0,1,1,0,7,0,0,0,0,0,0,8,0,0,0,0,0,0,0,0.4937,3.4300534450652,4
0,1,3,1,1,0,14,0,0,1,14,14,0,0,1,228,1,18,0,0,0,48,55,6,3,0,17,223,0.92916666666667,0.59166666666667,1,3,1,1,21,0,0,3,0,0,0,34,0,0,0,0,0,0,0,1.2514,6.4681737588652,2
0,0,2,1,1,0,12,0,0,1,8,38,0,0,1,232,1,12,0,0,0,39,19,6,5,0,13,184,0.93401015228426,0.51269035532995,0,2,1,1,17,0,0,2,0,0,0,29,0,0,0,0,0,0,1,0.6043,5.3332028774035,3
0,0,1,0,0,0,6,0,0,1,8,16,0,0,1,256,1,3,0,0,0,12,12,0,0,0,7,48,0.87272727272727,0.38181818181818,0,1,0,0,3,0,0,0,0,0,0,4,0,0,0,0,0,0,0,0.7479,2.0879221863731,4
0,0,0,0,0,1,10,0,0,1,0,0,0,0,1,3744,-1,0,0,0,0,11,10,8,0,0,4,48,0.92307692307692,2.6730769230769,0,0,0,0,12,0,0,5,0,0,0,16,0,0,0,0,0,0,0,3.2417,6,4
0,0,0,2,0,0,24,0,0,1,0,0,4,0,0,320,0,3,0,0,0,11,10,2,0,0,31,23,0.42592592592593,0.64814814814815,0,0,1,0,4,0,0,1,0,3,0,5,2,0,0,0,0,0,0,1.9606,3.4299893496458,2
0,0,1,0,2,0,22,0,0,1,0,0,0,0,0,232,0,0,0,0,0,1,1,0,0,0,1,4,0.8,0,0,0,0,0,0,0,0,0,0,0,0,0,0,0,0,0,0,0,0,1.2711,4.3516957190103,6
1,1,0,0,0,0,24,0,0,0,0,0,0,0,0,120,1,3,0,0,0,6,7,2,0,0,17,11,0.39285714285714,0.53571428571429,1,0,0,0,3,0,0,1,0,0,0,7,0,0,0,0,0,0,0,2.3658,1,3
1,0,0,1,0,0,22,0,0,0,0,0,0,0,0,88,1,3,0,0,0,10,17,2,0,0,9,42,0.82352941176471,0.49019607843137,0,0,1,0,6,0,0,1,0,0,0,6,0,0,0,0,0,0,0,1.4907,1,3
1,0,0,0,1,0,20,0,0,0,0,0,0,0,0,164,1,3,0,0,0,5,5,0,0,0,8,16,0.66666666666667,0.54166666666667,0,0,0,1,1,0,0,0,0,0,0,11,0,0,0,0,0,0,0,1.8971,1,2
1,1,2,0,0,0,20,0,0,0,0,0,0,0,0,192,1,9,0,0,0,13,14,2,0,0,39,26,0.4,0.92307692307692,1,2,0,0,7,0,0,1,0,0,0,24,0,0,0,0,0,0,0,3.6539,4.2162636152955,4
1,0,2,1,2,0,18,0,0,0,0,0,0,4,0,228,1,15,0,0,0,17,16,6,3,0,48,33,0.40740740740741,1.2469135802469,0,2,1,2,13,0,0,3,0,0,0,36,0,0,0,0,0,0,0,5.9492,5.4049956902593,5
1,0,0,0,1,0,12,1,0,0,0,0,0,4,0,228,1,3,0,0,0,7,4,4,4,0,10,25,0.71428571428571,0.85714285714286,0,0,0,1,4,0,0,2,0,0,0,22,0,0,0,0,0,0,0,3.1062,2.1402646899865,5
1,0,1,0,1,0,8,1,0,0,0,0,0,4,0,228,1,6,0,0,0,10,15,6,0,0,36,18,0.33333333333333,0.64814814814815,0,1,0,1,6,0,0,3,0,0,0,20,0,0,0,0,0,0,0,4.2067,3.4976506928645,5
1,0,0,3,2,0,24,1,0,0,12,10,0,0,1,176,1,15,0,0,0,17,21,0,1,0,31,55,0.63953488372093,1.1395348837209,0,0,3,2,14,0,0,1,0,0,0,32,0,0,0,0,0,0,0,4.1946,5.089772498086,5
1,0,0,0,1,0,24,1,0,0,6,18,0,0,1,304,1,3,0,0,0,8,7,2,0,0,13,22,0.62857142857143,0.31428571428571,0,0,0,1,3,0,0,1,0,0,0,10,0,0,0,0,0,0,0,2.1935,2.2276185664513,5
1,0,0,1,1,0,22,1,0,1,6,18,0,0,1,304,1,6,0,0,0,12,8,4,5,0,23,36,0.61016949152542,1.135593220339,0,0,1,1,8,0,0,2,0,0,0,28,0,0,0,0,0,0,0,3.5531,3.2218869954773,4
1,1,1,0,1,0,18,1,0,1,20,14,4,0,1,240,1,9,0,0,0,14,9,2,0,0,13,54,0.80597014925373,0.62686567164179,1,1,0,1,7,0,0,1,0,0,0,30,0,0,0,0,0,0,0,3.1479,4.3664134016513,5
1,1,1,1,1,0,20,1,0,1,6,20,4,0,1,256,1,12,0,0,0,21,16,4,4,0,35,68,0.66019417475728,0.86407766990291,1,1,1,1,14,0,0,2,0,0,0,36,0,0,0,0,0,0,0,4.0131,5.4089197417277,5
1,0,0,0,0,0,20,1,0,1,16,6,4,0,1,184,1,0,0,0,0,0,0,0,0,0,0,0,0,0,0,0,0,0,0,0,0,0,0,0,0,0,0,0,0,0,0,0,0,1.3787,2.0166738565794,5
1,1,0,0,1,0,24,1,0,1,8,28,0,0,1,220,0,3,1,0,0,49,38,6,0,0,51,198,0.79518072289157,0.036144578313253,0,0,0,1,10,0,0,3,0,0,0,24,0,0,0,0,1,0,0,-0.9661,3.3251619055288,1
2,1,0,0,0,0,24,0,0,0,0,0,0,0,0,168,1,3,0,0,0,8,3,0,0,0,20,20,0.5,0.275,1,0,0,0,3,0,0,0,0,0,0,3,0,0,0,0,0,0,0,1.4599,1,1
2,0,1,0,0,0,24,0,0,0,0,0,0,0,0,228,1,3,0,0,0,5,5,0,0,0,21,7,0.25,0.46428571428571,0,1,0,0,3,0,0,0,0,0,0,3,0,0,0,0,0,0,0,1.8096,1,1
2,0,0,1,0,0,24,0,0,0,0,0,0,0,0,104,1,3,0,0,0,3,4,0,0,0,13,5,0.27777777777778,0.77777777777778,0,0,1,0,3,0,0,0,0,0,0,3,0,0,0,0,0,0,0,1.8634,1,1
2,0,0,0,1,0,24,0,0,0,0,0,0,0,0,212,1,3,0,0,0,4,4,2,1,0,6,15,0.71428571428571,0.76190476190476,0,0,0,1,4,0,0,1,0,0,0,4,0,0,0,0,0,0,0,2.1346,1,1
2,3,1,0,0,0,22,0,0,0,0,0,4,0,0,240,1,12,0,0,0,9,19,2,0,0,23,24,0.51063829787234,1.2340425531915,3,1,0,0,11,0,0,1,0,0,0,10,0,0,0,0,0,0,0,3.6265,2.0532,3
2,2,0,0,1,0,20,0,0,0,0,0,0,0,0,324,1,9,0,0,0,13,25,2,0,0,45,20,0.30769230769231,0.75384615384615,2,0,0,1,10,0,0,1,0,0,0,10,0,0,0,0,0,0,0,3.2385,3.24098,3
2,0,0,0,3,0,18,0,0,0,0,0,4,0,0,264,1,9,0,0,0,11,16,-2,0,0,25,32,0.56140350877193,1.0526315789474,0,0,0,3,9,0,0,1,0,0,0,9,0,0,0,0,0,0,0,2.8745,4.1153785714286,4
2,3,1,2,1,0,20,0,0,0,0,0,4,0,0,356,1,21,0,0,0,23,31,4,2,0,48,64,0.57142857142857,1.4732142857143,3,1,2,1,22,0,0,4,0,0,0,21,0,0,0,0,0,0,0,5.9875,5.3752039823009,5
2,0,0,1,1,0,16,0,0,0,0,0,0,4,0,264,1,6,0,0,0,8,10,0,0,0,16,23,0.58974358974359,0.82051282051282,0,0,1,1,6,0,0,0,0,0,0,6,0,0,0,0,0,0,0,1.9984,2.6197837681159,2
2,1,1,1,2,0,16,1,0,0,0,0,0,0,0,320,1,15,0,0,0,23,26,4,1,0,35,79,0.69298245614035,0.71052631578947,1,1,1,2,19,0,0,2,0,0,0,18,0,0,0,0,0,0,0,3.4712,4.3674733861386,3
2,1,2,2,3,0,12,1,0,0,16,4,0,0,1,232,1,24,0,0,0,22,28,6,6,0,38,72,0.65454545454545,1.6545454545455,1,2,2,3,24,0,0,3,0,0,0,24,0,0,0,0,0,0,0,5.8925,5.4648019239083,5
2,0,1,0,1,0,6,1,0,1,16,4,0,0,1,232,1,6,0,0,0,12,24,0,2,0,34,29,0.46031746031746,0.71428571428571,0,1,0,1,11,0,0,0,0,0,0,11,0,0,0,0,0,0,0,2.043,2.212301786994,3
2,1,0,1,1,0,6,1,0,1,12,26,4,0,1,208,1,9,0,0,0,13,14,2,0,0,17,47,0.734375,1.0625,1,0,1,1,8,0,0,0,0,0,0,8,0,0,0,0,0,1,1,1.9308,3.1048055766508,4
2,1,1,1,2,0,8,1,0,1,32,32,0,4,1,244,1,11,1,2,0,21,43,-8,0,0,49,57,0.5377358490566,0.90566037735849,1,1,1,2,13,0,0,0,0,0,0,11,0,1,1,0,1,0,0,2.1158,4.0193906701421,3
2,0,3,2,3,0,16,1,0,1,8,4,0,0,1,196,1,24,0,0,0,18,25,8,5,0,34,56,0.62222222222222,2.0666666666667,0,3,2,3,23,0,0,4,0,0,0,22,0,0,0,0,0,0,0,6.7395,5.1348312277127,5
2,0,1,0,1,0,8,1,0,1,18,20,0,4,1,228,1,6,0,0,0,9,15,0,0,0,32,14,0.30434782608696,1.1521739130435,0,1,0,1,7,0,0,0,0,0,0,7,0,0,0,0,0,0,0,2.2817,2.3847866566716,3
2,2,0,0,2,0,8,1,0,1,8,22,0,0,1,284,1,10,1,1,0,21,21,0,4,1,28,74,0.72549019607843,0.79411764705882,2,0,0,2,13,0,0,0,0,0,0,12,0,1,1,0,1,0,0,1.5345,3.0698702323865,3
2,0,0,0,0,1,8,1,0,1,0,0,0,0,1,3744,1,0,3,3,0,14,23,0,0,0,57,15,0.20833333333333,2.5972222222222,0,0,0,0,6,0,0,0,0,0,0,0,0,3,3,0,3,0,0,0.9752,6,3
0,1,0,0,0,0,24,0,0,0,0,0,0,0,0,148,1,3,0,0,0,6,0,0,0,0,5,23,0.82142857142857,0.71428571428571,1,0,0,0,3,0,0,0,0,1,0,9,0,0,0,0,0,0,0,1.6264,1,4
0,0,1,0,0,0,24,0,0,0,0,0,0,0,0,128,1,3,0,0,0,8,3,0,0,0,2,33,0.94285714285714,0.31428571428571,0,1,0,0,3,0,0,0,0,0,0,3,0,0,0,0,0,0,0,1.1102,1,4
0,0,0,1,0,0,24,0,0,0,0,0,0,0,0,80,1,3,0,0,0,32,15,2,0,0,15,145,0.90625,0.1375,0,0,1,0,6,0,0,1,0,1,0,6,1,0,0,0,0,0,0,-1.28,1,3
0,0,0,0,1,0,22,0,0,0,0,0,0,0,0,204,1,3,0,0,0,8,5,0,2,0,5,32,0.86486486486486,0.59459459459459,0,0,0,1,5,0,0,0,0,0,0,6,0,0,0,0,0,0,0,1.2607,1,3
0,1,0,1,0,0,20,0,0,0,0,0,0,4,0,252,1,6,0,0,0,25,9,4,0,0,14,109,0.88617886178862,0.35772357723577,1,0,1,0,5,0,0,2,0,1,0,16,0,0,0,0,0,0,0,1.095,3.189459375,6
0,1,1,1,0,0,16,1,0,0,0,0,0,4,0,252,1,9,0,0,0,24,14,12,0,0,7,113,0.94166666666667,1.0833333333333,1,1,1,0,11,0,4,6,0,0,0,14,0,0,0,0,0,0,0,3.3966,4.108416091954,6
0,2,1,2,1,0,4,1,0,0,0,0,4,0,0,296,-1,6,0,0,1,16,19,2,0,0,3,78,0.96296296296296,0.93827160493827,0,0,0,0,3,0,0,2,0,0,0,2,0,0,0,0,0,0,0,1.3521,6.1041184210526,6
0,4,1,1,1,0,24,1,0,0,18,8,0,0,1,256,1,21,0,0,0,33,16,10,6,0,13,155,0.92261904761905,0.9047619047619,4,1,1,1,23,0,0,5,0,0,0,47,0,0,0,0,0,0,0,5.1098,5.0286235294118,5
0,0,0,1,0,0,20,1,0,1,18,8,0,0,1,256,1,3,0,0,0,14,2,10,0,0,1,69,0.98571428571429,0.8,0,0,1,0,6,0,0,5,0,0,0,5,0,0,0,0,0,0,0,2.7192,2.4558479638009,6
0,0,1,0,1,0,6,1,0,1,18,18,4,0,1,200,-1,5,0,0,0,27,11,4,2,0,29,102,0.77862595419847,0.36641221374046,0,1,0,0,7,0,0,3,0,0,0,16,0,0,0,0,0,0,0,1.6171,3.3041275102041,6
1,1,0,0,0,0,24,0,0,0,8,6,0,0,1,200,1,3,0,0,0,7,6,2,0,0,15,19,0.55882352941176,0.64705882352941,1,0,0,0,4,0,0,1,0,0,0,6,0,0,0,0,0,0,0,2.5872794117647,1,1
1,0,1,0,0,0,22,0,0,0,24,10,4,0,1,252,1,3,0,0,0,4,4,0,0,0,8,12,0.6,0.7,0,1,0,0,2,0,0,0,0,0,0,7,0,0,0,0,0,0,0,2.45408,1,1
1,0,0,1,0,0,22,0,0,0,30,8,4,0,1,388,1,3,0,0,0,5,7,0,0,0,11,11,0.5,0.95454545454545,0,0,1,0,3,0,0,0,0,0,0,3,0,0,0,0,0,0,0,2.3715227272727,1,2
1,0,0,0,1,0,22,0,0,0,10,8,0,0,1,276,1,3,0,0,0,11,8,6,7,0,20,31,0.6078431372549,0.90196078431373,0,0,0,1,9,0,0,3,0,0,0,21,0,0,0,0,0,0,0,2.9147843137255,1,3
1,0,0,1,0,0,16,0,0,1,10,8,0,0,1,276,1,3,0,0,0,5,7,0,0,0,12,13,0.52,0.84,0,0,1,0,5,0,0,0,0,1,0,6,0,0,0,0,0,0,0,2.662976,2.3715227272727,2
1,0,1,1,0,0,16,0,0,1,20,10,4,0,1,192,1,5,0,0,0,9,8,0,0,0,17,27,0.61363636363636,0.68181818181818,0,1,1,0,6,0,0,0,0,1,1,7,0,0,0,0,0,0,0,2.8710386363636,3.0730293636364,2
1,1,1,1,1,0,16,0,0,1,16,14,0,0,1,216,1,12,0,0,0,11,11,6,7,0,16,42,0.72413793103448,1.8275862068966,1,1,1,1,12,0,0,3,0,0,0,28,0,0,0,0,0,0,0,3.6392310344828,4.5187907254902,4
1,0,0,0,0,1,10,0,0,1,0,0,0,0,1,3744,1,0,5,3,0,70,77,8,0,0,258,86,0.25,5.1860465116279,0,0,0,0,24,0,0,4,0,5,3,51,0,0,0,0,5,0,0,3.517251744186,6,4
1,0,0,0,0,0,24,0,0,1,0,0,4,0,0,188,1,0,0,0,0,0,0,0,0,0,0,0,0,0,0,0,0,0,0,0,0,0,0,0,0,0,0,0,0,0,0,0,0,1.8983,3.049899625296,1
1,2,1,0,0,0,24,0,0,1,0,0,0,0,0,284,1,9,0,0,0,13,12,4,0,0,28,37,0.56923076923077,0.86153846153846,2,1,0,0,8,0,0,2,0,0,0,23,0,0,0,0,0,0,0,3.20606,3.0725307871002,3
1,0,3,1,0,0,20,0,0,1,0,0,0,0,0,268,1,12,1,0,0,20,27,6,0,0,51,51,0.5,1.0196078431373,0,3,1,0,14,0,0,3,0,0,0,36,0,0,0,0,1,0,0,3.5378088235294,4.0172775577376,3
1,2,0,1,3,0,18,0,0,1,0,0,0,4,0,288,1,18,0,0,0,22,19,2,6,0,40,69,0.63302752293578,1.1376146788991,2,0,1,3,13,0,0,1,0,1,1,48,0,0,0,0,0,0,0,4.0041688073394,5.037783578379,3
1,0,0,0,0,0,16,1,0,1,0,0,0,4,0,288,1,0,0,0,0,0,0,0,0,0,0,0,0,0,0,0,0,0,0,0,0,0,0,0,0,0,0,0,0,0,0,0,0,1.8983,2.83865680376,1
1,1,1,0,0,0,20,1,0,1,0,0,4,0,0,324,1,4,0,0,1,10,19,4,0,0,25,25,0.5,0.86,1,1,0,0,6,0,0,2,0,0,0,12,0,0,0,0,0,0,0,2.773254,3.0810622796104,3
1,1,2,0,2,0,16,1,0,1,0,0,0,0,0,256,1,15,0,0,0,16,12,6,0,0,24,57,0.7037037037037,1.3086419753086,1,2,0,2,12,0,0,3,0,1,0,37,0,0,0,0,0,0,0,4.1563888888889,4.0555699124337,3
1,1,0,0,0,0,24,0,0,0,0,0,0,0,0,136,1,3,0,0,0,5,8,2,0,0,13,12,0.48,0.64,1,0,0,0,4,0,0,1,0,0,0,6,0,0,0,0,0,0,0,2.552196,1,1
1,0,1,0,0,0,22,0,0,0,0,0,0,0,0,184,1,3,0,0,0,6,4,0,0,0,12,17,0.58620689655172,0.55172413793103,0,1,0,0,4,0,0,0,0,0,0,10,0,0,0,0,0,0,0,2.4458034482759,1,1
1,0,0,1,0,0,22,0,0,0,0,0,0,0,0,68,1,3,0,0,0,4,8,0,0,0,11,10,0.47619047619048,0.80952380952381,0,0,1,0,3,0,0,0,0,0,0,4,0,0,0,0,0,0,0,2.3697047619048,1,1
1,0,0,0,1,0,22,0,0,0,0,0,0,0,0,192,1,3,0,0,0,5,2,4,1,0,7,17,0.70833333333333,0.79166666666667,0,0,0,1,4,0,0,2,0,0,0,10,0,0,0,0,0,0,0,2.8482208333333,1,2
1,0,0,1,0,0,18,0,0,0,0,0,4,0,0,304,1,3,0,0,0,7,7,0,0,0,9,26,0.74285714285714,0.68571428571429,0,0,1,0,5,0,0,0,0,1,0,9,0,0,0,0,0,0,0,2.7908028571429,2.3697047619048,1
1,1,0,0,1,0,18,0,0,0,0,0,0,0,0,276,1,6,0,0,0,14,7,4,11,0,19,51,0.72857142857143,0.97142857142857,1,0,0,1,7,0,0,2,0,0,0,38,0,0,0,0,0,0,0,3.0210957142857,3.5021168333333,3
1,3,2,0,0,0,14,0,0,0,0,0,4,0,0,304,1,15,0,0,0,15,10,2,0,0,25,51,0.67105263157895,1.2236842105263,3,2,0,0,4,0,0,1,0,0,0,37,0,0,0,0,0,0,0,3.539025,4.1132079382184,3
1,0,3,3,1,0,12,0,0,0,0,0,0,4,0,304,1,21,0,0,0,26,28,0,0,0,54,73,0.5748031496063,1.1496062992126,0,3,3,1,17,0,0,2,0,0,0,40,0,0,0,0,0,0,0,4.102625984252,5.1206227101806,3
1,0,0,0,0,0,12,1,0,0,0,0,0,4,0,304,1,0,0,0,0,0,0,0,0,0,0,0,0,0,0,0,0,0,0,0,0,0,0,0,0,0,0,0,0,0,0,0,0,1.8983,2.1860364023476,1
1,0,0,1,1,0,12,1,0,0,0,0,4,0,0,368,1,6,0,0,0,15,16,4,0,0,21,54,0.72,0.46666666666667,0,0,1,1,8,0,0,2,0,0,0,16,0,0,0,0,0,0,0,3.04862,3.0644744973437,1
1,4,1,1,0,0,8,1,0,0,0,0,0,0,0,284,-1,16,0,0,0,26,31,6,0,0,45,89,0.66417910447761,0.99253731343284,3,1,1,0,14,0,0,4,0,0,0,43,0,0,0,0,0,0,0,5.7029425373134,4.1309334726993,3
1,0,0,0,0,0,24,1,0,0,20,8,0,4,1,204,1,0,0,0,0,0,0,0,0,0,0,0,0,0,0,0,0,0,0,0,0,0,0,0,0,0,0,0,0,0,0,0,0,1.8983,2.0122483802717,1
1,2,1,0,2,0,24,1,0,0,8,0,0,0,1,252,1,15,0,0,0,31,25,4,17,0,31,127,0.80379746835443,0.93670886075949,2,1,0,2,15,0,0,4,0,0,0,74,0,0,0,0,0,0,0,3.9936335443038,5.4234887243883,1
1,0,0,0,0,0,20,1,0,1,8,0,0,0,1,252,1,0,0,0,0,0,0,0,0,0,0,0,0,0,0,0,0,0,0,0,0,0,0,0,0,0,0,0,0,0,0,0,0,1.8983,2.0115272743279,1
1,1,0,0,1,0,20,1,0,1,8,28,4,0,1,256,1,6,0,0,0,12,6,6,8,0,13,46,0.77966101694915,1.0847457627119,1,0,0,1,6,0,0,3,0,0,0,33,0,0,0,0,0,0,0,3.2273694915254,3.1086604733068,1
1,1,0,1,2,0,14,1,0,1,14,6,0,0,1,220,1,11,0,0,0,19,15,4,13,0,14,80,0.85106382978723,1.1170212765957,1,0,1,2,9,0,0,4,0,0,0,56,0,0,0,0,0,0,0,3.7818659574468,4.2383597851381,2
1,3,0,1,1,0,10,1,0,1,8,8,4,0,1,256,1,13,0,0,0,21,23,6,4,0,30,77,0.7196261682243,1.0373831775701,3,0,1,1,11,0,0,3,0,0,0,46,0,0,0,0,0,0,0,3.7043196261682,5.0434820742842,3
1,0,0,0,0,0,4,1,0,1,2,32,0,0,1,304,1,0,0,0,0,0,0,0,0,0,0,0,0,0,0,0,0,0,0,0,0,0,0,0,0,0,0,0,0,0,0,0,0,1.8983,2.0733281124593,1
1,0,0,0,0,1,4,1,0,1,0,0,0,0,1,3744,-1,0,2,1,0,23,28,2,0,0,97,18,0.15652173913043,4.3478260869565,0,0,0,0,6,0,0,2,0,0,0,6,0,2,2,0,2,0,0,3.6495086956522,6,5
0,1,0,0,0,0,24,0,0,0,16,4,4,0,1,240,1,3,0,0,0,7,4,0,0,0,8,24,0.75,0.46875,1,0,0,0,2,0,0,0,0,0,0,12,0,0,0,0,0,0,0,2.54298125,1,1
0,0,1,0,0,0,24,0,0,0,18,18,0,0,1,272,1,3,0,0,0,8,8,0,0,0,11,30,0.73170731707317,0.39024390243902,0,1,0,0,1,0,0,0,0,0,0,15,0,0,0,0,0,0,0,2.5241073170732,1,1
0,0,0,1,0,0,24,0,0,0,18,8,0,0,1,244,1,3,0,0,0,7,5,2,0,0,12,21,0.63636363636364,0.63636363636364,0,0,1,0,6,0,0,1,0,0,0,8,0,0,0,0,0,0,0,2.6339272727273,1,2
0,0,0,0,1,0,22,0,0,0,18,18,0,0,1,272,1,3,0,0,0,10,11,2,0,0,12,36,0.75,0.27083333333333,0,0,0,1,1,0,0,1,0,0,0,11,0,0,0,0,0,0,0,2.7032375,1,2
0,0,1,0,0,0,20,0,0,0,18,8,0,0,1,244,1,3,0,0,0,10,5,2,0,0,12,38,0.76,0.42,0,1,0,0,5,0,0,1,0,0,0,18,0,0,0,0,0,0,0,2.693588,2.5241073170732,2
0,1,1,0,0,0,18,0,0,1,18,8,0,0,1,244,1,6,1,0,0,20,14,8,0,1,37,67,0.64423076923077,0.75961538461538,1,1,0,0,8,0,0,4,0,0,0,21,0,0,0,0,1,0,0,3.2901336538462,3.2535289085366,4
0,1,2,0,0,0,10,0,0,1,22,20,4,0,1,204,1,9,0,0,0,14,10,-2,0,0,29,46,0.61333333333333,0.84,1,2,0,0,3,0,0,1,0,0,0,45,0,0,0,0,0,0,0,3.0454093333333,4.0059105617127,3
0,5,2,1,1,0,16,0,0,1,10,12,4,0,1,220,1,27,0,0,0,46,14,4,0,0,14,210,0.9375,0.83928571428571,5,2,1,1,8,0,0,2,0,0,0,122,0,0,0,0,0,0,0,4.5578633928571,6.2687619797642,3
0,0,0,0,0,0,12,0,0,1,18,4,0,0,1,248,1,0,0,0,0,0,0,0,0,0,0,0,0,0,0,0,0,0,0,0,0,0,0,0,0,0,0,0,0,0,0,0,0,1.8983,2.2903367973506,1
0,0,0,0,0,1,12,0,0,1,0,0,0,0,1,3744,-1,0,4,2,0,83,70,10,0,0,227,187,0.45169082125604,5.4855072463768,0,0,0,0,21,0,0,6,0,0,0,100,0,3,3,0,4,0,0,4.0895089371981,6,6
2,1,0,0,0,0,24,0,0,0,0,0,0,0,0,196,1,3,0,0,0,15,16,0,0,0,39,33,0.45833333333333,0.38888888888889,1,0,0,0,4,0,1,0,0,0,0,19,0,0,0,0,0,0,0,2.3406041666667,1,1
2,0,1,0,0,0,24,0,0,0,0,0,0,0,0,188,1,3,0,0,0,7,7,4,0,0,23,11,0.32352941176471,0.55882352941176,0,1,0,0,3,0,0,2,0,0,0,12,0,0,0,0,0,0,0,2.6305617647059,1,3
2,1,0,0,0,0,16,0,0,0,0,0,0,0,0,72,1,3,0,0,0,6,7,2,0,0,12,19,0.61290322580645,0.58064516129032,1,0,0,0,2,0,0,1,0,0,0,11,0,0,0,0,0,0,0,2.6275161290323,2.3406041666667,2
2,2,0,0,0,0,14,0,0,0,0,0,0,0,0,156,1,6,0,0,0,8,9,4,0,0,22,18,0.45,1.625,2,0,0,0,3,0,0,2,0,0,0,14,0,0,0,0,0,0,0,2.86195,3.0698202956989,4
2,1,1,1,0,0,10,0,0,0,18,12,4,0,1,200,1,9,0,0,0,13,12,4,0,0,18,47,0.72307692307692,0.83076923076923,1,1,1,0,5,0,0,2,0,0,0,34,0,0,0,0,0,0,0,3.2860938461538,4.3884191907812,4
2,3,3,2,1,0,14,0,0,0,14,6,0,0,1,192,1,27,0,0,0,41,29,8,17,0,48,156,0.76470588235294,1.1323529411765,3,3,2,1,22,0,0,4,0,0,0,131,0,0,0,0,0,0,0,4.8839441176471,6.244430489077,4
2,0,0,0,0,0,6,0,0,0,12,6,4,0,1,180,1,0,0,0,0,1,0,0,0,0,0,0,0,0,0,0,0,0,0,0,0,0,0,0,0,0,0,0,0,0,0,0,0,1.8983,2.3861213111611,1
2,0,0,0,1,0,6,0,0,0,18,8,0,0,1,184,1,3,0,0,0,7,6,4,1,0,20,14,0.41176470588235,0.55882352941176,0,0,0,1,3,0,0,2,0,0,0,12,0,0,0,0,0,0,0,2.6810941176471,3.0535247314199,2
2,2,1,1,1,0,2,0,0,1,18,8,0,0,1,184,-1,0,1,0,0,1,0,0,0,0,2,5,0.71428571428571,0.28571428571429,0,0,0,0,1,0,0,1,0,0,0,0,0,0,0,0,1,0,0,4.1360428571429,4.0400749120204,6
2,5,0,1,0,0,24,0,0,1,18,8,0,0,1,248,1,9,6,5,0,21,21,6,0,0,40,65,0.61904761904762,1.0666666666667,5,0,1,0,16,0,0,3,0,0,0,30,0,3,3,0,6,0,0,3.4087933333333,4.1076486757607,3
2,0,1,2,2,0,16,0,0,1,8,18,0,0,1,216,1,15,0,0,0,26,25,10,10,0,53,76,0.58914728682171,1.3255813953488,0,1,2,2,14,0,0,4,0,0,0,65,0,0,0,0,0,1,1,3.9362821705426,5.1034111310215,4
2,0,0,0,0,0,6,0,0,1,20,6,0,0,1,192,1,0,0,0,0,0,0,0,0,0,0,0,0,0,0,0,0,0,0,0,0,0,0,0,0,0,0,0,0,0,0,0,0,1.8983,2.3342506657734,1
2,1,1,1,0,0,6,0,0,1,26,20,0,0,1,244,1,9,0,0,0,17,14,2,0,0,25,58,0.69879518072289,0.68674698795181,1,1,1,0,7,0,0,1,0,0,0,29,0,0,0,0,0,0,0,3.0863915662651,3.1479902851274,2
2,0,0,0,0,0,2,0,0,1,14,6,0,0,1,232,1,0,0,0,0,0,0,0,0,0,0,0,0,0,0,0,0,0,0,0,0,0,0,0,0,0,0,0,0,0,0,0,0,1.8983,2.271327230879,1
2,5,0,2,2,0,2,0,0,1,26,20,0,0,1,244,-1,5,0,0,0,4,2,0,2,0,4,13,0.76470588235294,2.2352941176471,0,0,0,0,0,0,0,1,0,0,0,11,0,0,0,0,0,0,0,4.4123529411765,5.0070087640129,3
2,3,3,1,1,0,24,0,0,1,0,0,0,0,0,272,1,24,0,0,0,22,20,0,0,0,34,74,0.68518518518519,1.4907407407407,3,3,1,1,9,0,0,0,0,0,0,69,0,0,0,0,0,0,0,4.0515851851852,5.0922280354388,1
2,0,0,0,0,0,24,0,0,1,0,0,4,0,0,236,1,0,0,0,0,0,0,0,0,0,0,0,0,0,0,0,0,0,0,0,0,0,0,0,0,0,0,0,0,0,0,0,0,1.8983,2.188818014743,1
2,1,0,2,0,0,24,0,0,1,0,0,0,4,0,252,1,9,0,0,0,12,11,2,0,0,23,35,0.60344827586207,0.91379310344828,1,0,2,0,6,0,0,1,0,0,0,24,0,0,0,0,0,0,0,3.0574086206897,3.0739340526822,2
2,1,1,2,1,0,22,1,0,1,0,0,0,4,0,252,1,15,0,0,0,20,11,6,13,0,67,34,0.33663366336634,1.3861386138614,1,1,2,1,10,0,0,3,0,0,0,80,0,0,0,0,0,0,0,3.6893198019802,4.1304399539913,3
2,4,2,0,2,0,16,1,0,1,0,0,0,0,0,276,1,24,0,0,0,26,14,0,0,0,29,97,0.76984126984127,1.1746031746032,4,2,0,2,7,0,0,2,0,0,0,88,0,0,0,0,0,0,0,4.4228484126984,5.0302262779085,2
2,0,0,0,0,0,16,1,0,1,0,0,0,4,0,252,1,0,0,0,0,0,0,0,0,0,0,0,0,0,0,0,0,0,0,0,0,0,0,0,0,0,0,0,0,0,0,0,0,1.8983,2.1566278987338,1
2,1,0,0,0,0,24,0,0,0,0,0,0,0,0,188,1,3,0,0,0,8,5,2,0,0,15,20,0.57142857142857,0.6,1,0,0,0,4,0,0,1,0,0,0,3,0,0,0,0,0,0,0,2.59694,1,2
2,0,1,0,0,0,22,0,0,0,0,0,0,0,0,172,1,3,0,0,0,6,7,2,0,0,12,15,0.55555555555556,0.77777777777778,0,1,0,0,4,0,0,1,0,0,0,3,0,0,0,0,0,0,0,2.5836888888889,1,2
2,0,0,1,0,0,20,0,0,0,0,0,0,0,0,204,1,3,0,0,0,10,15,2,0,0,22,24,0.52173913043478,0.69565217391304,0,0,1,0,4,0,0,1,0,0,0,4,0,0,0,0,0,0,0,2.548447826087,1,2
2,0,0,0,1,0,18,0,0,0,0,0,0,0,0,176,1,3,0,0,0,11,14,8,5,0,25,26,0.50980392156863,0.90196078431373,0,0,0,1,11,0,0,4,0,0,0,9,0,0,0,0,0,0,0,3.0334039215686,1,4
2,1,1,0,0,0,10,0,0,0,0,0,0,4,0,380,1,6,0,0,0,12,11,2,0,0,23,36,0.61016949152542,0.67796610169492,1,1,0,0,7,0,0,1,0,0,0,6,0,0,0,0,0,0,0,2.8293966101695,3.2823288888889,2
2,1,2,0,1,0,8,1,0,0,0,0,0,4,0,380,1,12,0,0,0,16,17,4,1,0,33,45,0.57692307692308,0.96153846153846,1,2,0,1,17,0,0,2,0,0,0,15,0,0,0,0,0,0,0,3.4342807692308,4.4234232812673,5
2,2,3,1,2,0,4,1,0,0,0,0,4,0,0,276,-1,11,0,0,0,10,6,2,0,0,7,40,0.85106382978723,1.468085106383,1,1,0,1,11,0,0,2,0,0,0,14,0,0,0,0,0,0,0,5.1376723404255,5.0763265488077,7
2,0,1,2,3,0,24,1,0,0,0,0,0,4,0,320,1,18,0,0,0,20,30,2,0,0,41,59,0.59,1.2,0,1,2,3,18,0,0,1,0,0,0,17,0,0,0,0,0,0,0,3.719505,5.1146461186198,5
2,3,2,5,3,0,24,1,0,0,0,0,0,0,0,308,1,39,0,0,0,36,39,4,0,0,63,110,0.63583815028902,1.5606936416185,3,2,5,3,39,0,0,6,0,0,0,36,0,0,0,0,0,0,0,6.2050346820809,6.0330762383052,6
2,0,0,1,2,0,24,1,0,0,0,0,4,0,0,256,1,9,0,0,0,12,16,6,1,0,24,34,0.58620689655172,1.3448275862069,0,0,1,2,11,0,0,3,0,0,0,11,0,0,0,0,0,0,0,3.3567655172414,3.140611162148,5
2,1,1,2,2,0,22,1,0,0,0,0,4,0,0,228,1,18,0,0,0,22,31,8,6,0,45,61,0.57547169811321,1.3301886792453,1,1,2,2,19,0,0,4,0,0,0,24,0,0,0,0,0,0,0,4.2087650943396,4.099694124065,6
2,2,3,2,2,0,14,1,0,0,0,0,4,0,0,280,1,27,0,0,0,21,27,4,1,0,40,62,0.6078431372549,1.7647058823529,2,3,2,2,25,0,0,2,0,0,0,25,0,0,0,0,0,0,0,4.5972725490196,5.0682936845194,5
2,4,5,1,2,0,14,1,0,0,0,0,0,0,0,340,1,36,0,0,0,20,19,6,0,0,33,60,0.64516129032258,2.8494623655914,4,5,1,2,20,0,0,5,0,0,0,21,0,0,0,0,0,0,0,5.7999741935484,6.1714391444862,6
2,1,2,0,0,0,12,1,0,0,12,2,4,0,1,268,1,9,0,0,0,10,13,0,0,0,21,27,0.5625,1.0833333333333,1,2,0,0,8,0,0,0,0,0,0,8,0,0,0,0,0,0,0,2.86406875,3.0083695446101,3
2,2,1,1,1,0,12,1,0,0,26,24,0,0,1,196,1,15,0,0,0,11,17,4,1,0,15,37,0.71153846153846,1.8461538461538,2,1,1,1,12,0,0,2,0,0,0,12,0,0,0,0,0,0,0,3.7182134615385,4.006005012043,5
2,3,0,4,2,0,8,1,0,0,6,20,0,4,1,224,1,27,0,0,0,20,27,-8,7,0,31,62,0.66666666666667,2.6021505376344,3,0,4,2,23,0,0,2,0,0,0,22,0,0,0,0,0,0,0,4.5695376344086,5.1609287800524,5
2,0,0,0,0,0,16,1,0,0,20,22,0,0,1,212,1,0,0,0,0,0,0,0,0,0,0,0,0,0,0,0,0,0,0,0,0,0,0,0,0,0,0,0,0,0,0,0,0,1.8983,2.2226159553753,1
2,0,1,1,1,0,16,1,0,1,20,22,0,0,1,212,1,9,0,0,0,8,9,4,1,0,11,28,0.71794871794872,1.4615384615385,0,1,1,1,10,0,0,2,0,0,0,10,0,0,0,0,0,0,0,3.2749948717949,3.0445359435414,4
2,2,2,1,1,0,16,1,0,1,44,8,4,0,1,248,1,17,0,0,0,14,23,0,0,0,30,34,0.53125,1.453125,2,2,1,1,11,0,0,2,0,0,0,11,0,0,0,0,0,0,0,3.80476875,4.0010981113002,5
2,1,3,3,3,0,16,1,0,1,24,12,0,0,1,184,1,30,0,0,0,23,27,6,0,0,36,74,0.67272727272727,1.8636363636364,1,3,3,3,22,0,0,3,0,0,0,24,0,0,0,0,0,0,0,5.0249090909091,5.2006339098406,5
2,0,0,0,0,1,14,1,0,1,0,0,0,0,1,3744,-1,0,3,2,0,41,67,12,0,0,144,60,0.29411764705882,5.578431372549,0,0,0,0,27,0,0,7,0,0,0,17,0,3,3,0,3,0,0,4.4306764705882,6,6
2,5,3,4,2,0,24,1,0,1,16,18,4,0,1,256,1,42,0,0,0,25,33,16,4,0,0,0,0,0,5,3,4,2,30,0,0,8,0,0,0,30,0,0,0,0,0,0,0,6.7489,6.0864529858855,6
2,0,0,0,0,0,12,1,0,1,0,14,0,0,1,308,1,0,0,0,0,0,0,0,0,0,0,0,0,0,0,0,0,0,0,0,0,0,0,0,0,0,0,0,0,0,0,0,0,1.8983,2.4311013248458,1
2,0,3,4,1,0,10,1,0,1,10,8,4,0,1,244,1,24,0,0,0,25,36,0,2,0,0,0,0,0,0,3,4,1,27,0,0,2,0,0,0,27,0,0,0,0,0,0,0,4.2301,4.1860262904139,5
2,5,2,1,1,0,14,1,0,1,22,4,0,0,1,216,1,25,1,1,0,23,26,6,2,0,0,0,0,0,5,2,1,1,18,0,0,3,0,0,0,18,0,1,1,0,1,0,0,4.5098,5.1823577972949,5
2,1,3,3,6,0,12,1,0,1,26,6,0,0,1,228,1,39,0,0,0,33,33,10,17,0,0,0,0,0,1,3,3,6,37,0,0,7,0,0,0,35,0,0,0,0,0,0,0,6.3291,6.211783833122,6
2,2,0,1,0,0,2,1,0,1,10,10,0,0,1,176,-1,4,0,0,0,8,8,0,0,0,0,0,0,0,0,0,0,0,4,0,0,1,0,0,0,5,0,0,0,0,0,0,0,4.0386,3.1801243205947,3
2,1,0,0,0,0,24,0,0,0,0,0,0,0,0,304,1,3,0,0,0,6,6,0,0,0,11,21,0.65625,0.5625,1,0,0,0,2,0,0,0,0,0,0,12,0,0,0,0,0,0,0,2.481509375,1,1
2,0,1,0,0,0,24,0,0,0,0,0,0,0,0,172,1,3,0,0,0,7,8,2,0,0,15,17,0.53125,0.46875,0,1,0,0,3,0,0,1,0,0,0,11,0,0,0,0,0,0,0,2.587840625,1,2
2,0,0,1,0,0,22,0,0,0,0,0,0,0,0,184,1,3,0,0,0,8,11,0,0,0,31,12,0.27906976744186,0.44186046511628,0,0,1,0,6,0,0,0,0,0,0,7,0,0,0,0,0,0,0,2.2665674418605,1,2
2,0,0,0,1,0,22,0,0,0,0,0,0,0,0,228,1,3,0,0,0,4,5,2,0,0,6,12,0.66666666666667,0.72222222222222,0,0,0,1,2,0,0,1,0,0,0,13,0,0,0,0,0,0,0,2.6666,1,3
2,0,0,1,1,0,20,0,0,0,0,0,0,0,0,244,1,6,0,0,0,12,15,4,3,0,34,26,0.43333333333333,0.8,0,0,1,1,9,0,0,2,0,0,0,26,0,0,0,0,0,0,0,2.8984033333333,3.0348674418605,3
2,1,1,1,1,0,20,0,0,0,0,0,4,0,0,304,1,12,0,0,0,20,34,4,0,0,69,31,0.31,1.07,1,1,1,1,11,0,0,2,0,0,0,39,0,0,0,0,0,0,0,3.283723,4.1370373062016,3
2,2,3,2,1,0,16,0,0,0,0,0,4,0,0,304,0,21,0,0,0,23,27,0,0,0,47,66,0.58407079646018,1.3628318584071,2,3,1,1,10,0,0,0,0,0,0,48,0,0,0,0,0,0,0,4.5838672566372,6.1121084572472,4
2,5,1,0,0,0,16,0,0,0,0,0,0,4,0,260,1,18,0,0,0,16,15,4,0,0,64,15,0.18987341772152,1.379746835443,5,1,0,0,6,0,0,2,0,0,0,39,0,0,0,0,0,0,0,3.7141949367089,3.0126762529909,4
2,1,1,1,1,0,12,0,0,0,8,18,4,0,1,204,1,12,0,0,0,15,19,0,0,0,33,40,0.54794520547945,0.9041095890411,1,1,1,1,8,0,0,0,0,0,0,31,0,0,0,0,0,0,0,3.0888315068493,4.5748260523351,4
2,3,3,0,1,0,12,0,0,0,20,6,4,0,1,200,1,21,0,0,0,10,9,4,0,0,16,32,0.66666666666667,2.5625,3,3,0,1,4,0,0,2,0,0,0,30,0,0,0,0,0,0,0,4.1412541666667,5.0364972155721,4
2,2,2,1,4,0,20,0,0,0,20,22,0,0,1,200,1,27,0,0,0,36,26,14,34,0,129,52,0.28729281767956,1.7513812154696,2,2,1,4,20,0,0,7,0,0,0,117,0,0,0,0,0,0,0,5.2682635359116,6.0068949202979,6
2,2,1,0,0,0,6,0,0,0,26,18,0,0,1,304,1,9,0,0,0,14,11,2,0,0,20,48,0.70588235294118,0.88235294117647,2,1,0,0,4,0,0,1,0,0,0,34,0,0,0,0,0,0,0,3.0976058823529,3.0339626181627,3
2,4,1,2,4,0,4,0,0,1,26,18,0,0,1,304,-1,1,1,0,0,6,11,2,2,0,12,17,0.58620689655172,3.0689655172414,0,0,0,0,2,0,0,2,0,0,0,4,0,0,0,0,1,0,0,4.0619482758621,7.1938601499077,6
0,1,0,0,0,0,24,0,0,0,0,0,0,0,0,204,1,3,0,0,0,15,19,10,0,0,37,35,0.48611111111111,0.73611111111111,1,0,0,0,7,0,0,5,0,0,0,7,0,0,0,0,0,0,0,3.1823986111111,1,3
0,0,1,0,0,0,14,0,0,0,0,0,0,0,0,88,1,3,0,0,0,7,7,4,0,0,13,20,0.60606060606061,0.66666666666667,0,1,0,0,3,0,0,2,0,0,0,11,0,0,0,0,0,0,0,2.7852242424242,1,2
0,0,0,1,0,0,10,0,0,0,0,0,0,0,0,152,1,3,0,0,0,9,7,0,0,0,14,28,0.66666666666667,0.5952380952381,0,0,1,0,5,0,0,0,0,0,0,7,0,0,0,0,0,0,0,2.470280952381,1,1
0,0,0,0,1,0,10,0,0,0,0,0,0,0,0,96,1,3,0,0,0,6,4,2,0,0,10,17,0.62962962962963,0.62962962962963,0,0,0,1,2,0,0,1,0,0,0,9,0,0,0,0,0,0,0,2.6388962962963,1,2
0,0,0,1,1,0,8,0,0,0,0,0,4,0,0,292,1,6,0,0,0,16,19,0,0,0,31,50,0.61728395061728,0.48148148148148,0,0,1,1,7,0,0,2,0,1,0,17,0,0,0,0,0,0,0,3.2636469135802,3.2108772486772,2
0,0,2,2,0,0,12,0,0,0,0,0,4,0,0,264,1,12,0,0,0,16,15,4,0,0,27,53,0.6625,1.25,0,2,2,0,8,0,0,2,0,3,0,12,3,0,0,0,0,0,0,4.27111875,4.8820724707391,2
0,0,2,1,2,0,8,0,0,0,0,0,0,4,0,272,-1,12,0,0,0,13,12,6,1,0,16,50,0.75757575757576,1.3787878787879,0,1,1,2,7,0,0,4,0,1,0,25,0,0,0,0,0,0,0,5.7611575757576,5.3367053760119,4
0,1,0,0,0,0,24,0,0,0,6,12,0,0,1,204,1,3,0,0,0,7,5,0,0,0,8,19,0.7037037037037,0.55555555555556,1,0,0,0,3,0,0,0,0,0,0,5,0,0,0,0,0,0,0,2.5171814814815,1,1
0,0,1,0,0,0,24,0,0,1,6,12,0,0,1,204,1,3,0,0,0,4,4,2,0,0,2,19,0.9047619047619,0.9047619047619,0,1,0,0,3,0,0,1,0,0,0,7,0,0,0,0,0,0,0,2.791019047619,1,2
0,0,0,1,0,0,22,0,0,1,18,30,4,0,1,256,1,3,0,0,0,8,8,6,0,0,16,26,0.61904761904762,0.9047619047619,0,0,1,0,6,0,0,2,0,0,0,4,0,0,0,0,0,1,1,2.761719047619,1,2
0,0,0,0,1,0,20,0,0,1,4,28,4,0,1,236,1,3,0,0,0,7,6,2,0,0,8,22,0.73333333333333,0.5,0,0,0,1,3,0,0,1,0,0,0,11,0,0,0,0,0,0,0,2.7052333333333,1,2
0,1,1,2,3,0,18,0,0,1,4,10,4,0,1,232,1,21,0,0,0,35,30,6,8,0,45,130,0.74285714285714,0.92571428571429,1,1,2,3,16,0,0,7,0,0,0,89,0,0,0,0,0,0,0,4.9591388571429,7.5575386243386,3
0,3,1,1,0,0,12,0,0,1,16,10,0,0,1,264,1,15,0,0,0,24,25,6,0,0,45,73,0.61864406779661,1.1016949152542,3,1,1,0,12,0,0,3,0,1,0,43,0,0,0,0,0,0,0,4.0823788135593,4.0120057509158,4
0,2,2,1,2,0,10,0,0,1,36,8,0,0,1,216,-1,20,0,0,0,24,15,8,2,0,32,86,0.72881355932203,1.3474576271186,2,2,1,1,13,0,0,4,0,1,1,42,0,0,0,0,0,0,1,6.3289966101695,5.0351973012686,4
0,0,0,0,0,0,24,0,0,1,12,8,4,0,1,272,1,0,0,0,0,0,0,0,0,0,0,0,0,0,0,0,0,0,0,0,0,0,0,0,0,0,0,0,0,0,0,0,0,1.8983,2.1123770815338,1
0,1,1,2,5,0,24,0,0,1,6,6,0,0,1,384,1,27,0,0,0,30,26,12,25,0,46,98,0.68055555555556,2.1736111111111,1,1,2,5,20,0,0,8,0,0,0,76,0,0,0,0,0,0,0,5.5596138888889,6.2304766394525,4
0,0,0,0,0,0,12,0,0,1,2,28,0,0,1,220,1,0,0,0,0,0,0,0,0,0,0,0,0,0,0,0,0,0,0,0,0,0,0,0,0,0,0,0,0,0,0,0,0,1.8983,2.0747516098401,1
0,2,0,4,1,0,12,0,0,1,8,10,4,0,1,224,-1,14,0,0,0,20,15,10,3,0,28,72,0.72,1.67,2,0,2,0,15,0,0,5,0,0,0,39,0,0,0,0,0,1,1,5.728538,4.2058137682465,5
0,2,4,0,2,0,24,0,0,1,2,14,0,0,1,256,1,24,0,0,0,25,21,12,7,0,43,78,0.64462809917355,1.6859504132231,2,4,0,2,12,0,0,6,0,0,0,61,0,0,0,0,0,0,0,5.0277809917355,7.0770045968558,4
0,0,0,4,2,0,10,0,0,1,10,18,0,0,1,220,-1,13,0,0,0,12,8,8,5,0,19,38,0.66666666666667,2.2982456140351,0,0,1,1,8,0,0,4,0,0,0,20,0,0,0,0,0,0,1,5.4654245614035,5.2159931118123,5
0,4,0,3,5,0,24,0,0,1,12,18,0,0,1,180,-1,26,0,0,0,30,27,22,34,0,27,119,0.81506849315068,2.4041095890411,1,0,3,4,21,0,0,12,0,0,0,90,0,0,0,0,0,0,2,7.8214938356164,7.0737480988794,6
1,1,0,0,0,0,24,0,0,0,0,0,0,0,0,180,1,3,0,0,0,7,5,2,0,0,6,26,0.8125,0.5625,1,0,0,0,5,0,0,1,0,0,0,7,0,0,0,0,0,0,0,2.74278125,1,1
1,0,1,0,0,0,24,0,0,0,0,0,0,0,0,116,1,3,0,0,0,8,5,0,0,0,6,32,0.84210526315789,0.52631578947368,0,1,0,0,3,0,0,0,0,0,0,9,0,0,0,0,0,0,0,2.5804947368421,1,1
1,0,0,1,0,0,24,0,0,0,0,0,0,0,0,116,1,3,0,0,0,12,6,0,0,0,13,49,0.79032258064516,0.41935483870968,0,0,1,0,3,0,0,0,0,0,0,3,0,0,0,0,0,0,0,2.5179725806452,1,1
1,0,0,0,1,0,24,0,0,0,0,0,0,0,0,136,1,3,0,0,0,17,16,8,6,0,26,56,0.68292682926829,0.63414634146341,0,0,0,1,8,0,0,4,0,0,0,18,0,0,0,0,0,0,0,3.1005512195122,1,2.5
1,2,0,0,0,0,16,0,0,0,0,0,4,0,0,268,1,6,0,0,0,19,13,2,0,0,30,66,0.6875,0.59375,2,0,0,0,7,0,0,1,0,0,0,9,0,0,0,0,0,0,0,2.8200875,3.5872625,1
1,1,1,0,1,0,14,0,0,0,0,0,4,0,0,236,1,9,0,0,0,24,13,0,13,0,20,103,0.83739837398374,0.80487804878049,1,1,0,1,18,0,0,2,0,0,0,44,0,0,0,0,0,0,0,3.2389520325203,4.1157772063543,2
1,4,2,2,1,0,18,0,0,0,0,0,0,4,0,280,1,27,0,0,0,57,52,-6,1,0,63,216,0.7741935483871,0.77777777777778,4,2,2,1,24,0,0,0,0,0,0,25,0,0,0,0,0,0,0,4.1015569892473,5.0087526399957,2.5
1,2,5,4,4,0,24,0,0,0,8,28,4,0,1,240,1,45,0,0,0,83,86,16,29,0,106,309,0.74457831325301,1.1759036144578,2,5,4,4,48,0,0,13,0,0,0,87,0,0,0,0,0,0,0,7.5629884337349,6.0234397275948,4
1,0,0,1,1,0,12,0,0,0,14,16,4,0,1,200,1,6,0,0,0,14,11,2,0,0,8,60,0.88235294117647,0.75,0,0,1,1,8,0,0,1,0,0,0,8,0,0,0,0,0,0,0,2.9471735294118,3.3093193813344,2.5
1,4,1,2,1,0,18,0,0,0,16,18,4,0,1,184,1,24,0,0,0,21,20,-2,2,0,24,78,0.76470588235294,1.9019607843137,4,1,2,1,13,0,0,1,0,0,0,23,0,0,0,0,0,0,0,4.2330529411765,4.0559493725757,2
1,3,1,4,2,0,24,0,0,0,26,4,0,0,1,192,1,30,0,0,0,28,24,6,1,0,45,95,0.67857142857143,1.6214285714286,3,1,4,2,19,0,0,3,0,0,0,45,0,0,0,0,0,0,0,5.0015307142857,5.0224574671802,3
1,1,2,2,4,0,18,0,0,0,18,8,0,0,1,276,1,27,0,0,0,46,34,10,9,0,34,198,0.85344827586207,0.95258620689655,1,2,2,4,31,0,0,6,0,0,0,54,0,0,0,0,0,1,1,5.2053344827586,6.2210752814534,3.5
1,1,1,1,0,0,8,0,0,1,18,8,0,0,1,276,-1,3,1,0,0,11,7,6,0,0,6,48,0.88888888888889,0.62962962962963,1,0,0,0,5,0,0,4,0,0,0,7,0,0,0,0,1,0,0,4.8894666666667,3.0687223068239,3
1,1,0,1,1,0,24,0,0,1,0,0,0,4,0,248,1,9,0,0,0,10,11,4,0,0,16,33,0.6734693877551,1.3265306122449,1,0,1,1,7,0,0,2,0,0,0,15,0,0,0,0,0,0,0,3.245806122449,4.1426941253209,2
1,4,1,0,2,0,20,1,0,1,0,0,0,4,0,248,1,21,0,0,0,27,16,2,5,0,21,113,0.84328358208955,1.1194029850746,4,1,0,2,13,0,0,3,0,0,0,57,0,0,0,0,0,0,0,4.3619410447761,5.4899566082442,2.5
1,2,0,0,0,0,18,1,0,1,0,0,0,0,0,220,1,6,0,0,0,8,7,2,0,0,12,27,0.69230769230769,0.94871794871795,2,0,0,0,2,0,0,1,0,0,0,13,0,0,0,0,0,0,0,2.8811,3.0847568293893,1
1,1,0,1,1,0,16,1,0,1,0,0,0,0,0,272,1,9,0,0,0,12,6,2,0,0,23,35,0.60344827586207,0.86206896551724,1,0,1,1,5,0,0,1,0,0,0,19,0,0,0,0,0,0,0,3.061474137931,4.3697937683012,1.5
1,0,1,2,1,0,14,1,0,1,0,0,0,0,0,324,1,12,0,0,0,16,11,4,1,0,31,46,0.5974025974026,0.88311688311688,0,1,2,1,10,0,0,2,0,0,0,33,0,0,0,0,0,0,0,3.4515051948052,5.3178617802768,2
1,3,4,1,0,0,10,1,0,1,0,0,0,0,0,452,1,24,0,0,0,25,17,-4,0,0,39,85,0.68548387096774,1.3387096774194,3,4,1,0,10,0,0,0,0,1,0,60,0,0,0,0,0,0,0,4.3134282258065,6.0924286045028,2
1,3,0,0,0,0,14,1,0,1,0,0,0,0,0,380,1,9,0,0,0,10,7,2,0,0,15,37,0.71153846153846,0.86538461538462,3,0,0,0,4,0,0,1,0,0,0,27,0,0,0,0,0,0,0,3.1268019230769,3.0728587403915,1
1,1,0,0,0,0,24,0,0,0,0,0,0,0,0,140,1,3,0,0,0,8,12,2,0,0,19,16,0.45714285714286,0.6,1,0,0,0,2,0,0,1,0,0,0,16,0,0,0,0,0,0,0,2.0214742857143,1,4
1,0,1,0,0,0,22,0,0,0,0,0,0,0,0,100,1,3,0,0,0,6,2,2,0,0,7,17,0.70833333333333,0.5,0,1,0,0,2,0,0,1,0,0,0,12,0,0,0,0,0,0,0,2.2279458333333,1,2
1,0,0,1,0,0,20,0,0,0,0,0,0,0,0,188,1,3,0,0,0,9,11,4,0,0,16,25,0.60975609756098,0.58536585365854,0,0,1,0,5,0,0,2,0,0,0,14,0,0,0,0,0,0,0,2.4648268292683,1,4
1,2,1,0,0,0,16,0,0,0,0,0,0,0,0,112,1,9,0,0,0,7,1,4,0,0,5,30,0.85714285714286,1.8571428571429,2,1,0,0,4,0,0,2,0,0,0,26,0,0,0,0,0,0,0,2.7595142857143,3.6044944047619,4
1,4,2,2,1,0,12,0,0,0,0,0,4,0,0,244,1,27,0,0,0,33,32,6,0,0,58,103,0.63975155279503,1.3664596273292,4,2,2,1,16,0,0,3,0,1,0,69,1,0,0,0,0,0,0,3.8505360248447,7.3315441585366,6
1,1,0,1,1,0,14,0,0,0,0,0,0,0,0,384,1,9,0,0,0,14,18,2,0,1,62,9,0.12676056338028,1.2253521126761,1,0,1,1,6,0,0,1,0,0,0,37,0,0,0,0,0,0,0,2.2451112676056,6.4766056951635,4
1,3,1,1,2,0,12,0,0,0,0,0,4,0,0,280,1,21,0,0,0,21,19,2,4,0,31,68,0.68686868686869,1.4949494949495,3,1,1,2,7,0,0,1,0,0,0,70,0,0,0,0,0,0,0,2.9231777777778,3.003116763116,4
1,2,2,3,3,0,10,0,0,0,0,0,4,0,0,220,1,30,0,0,0,47,50,8,18,0,133,76,0.36363636363636,1.3732057416268,2,2,3,3,19,0,0,4,0,1,0,164,1,0,0,0,0,0,0,4.1618,4.0063316546422,7
1,2,3,4,5,0,10,0,0,0,0,0,0,4,0,244,-1,25,0,0,0,39,19,8,23,1,36,155,0.81151832460733,1.3560209424084,1,1,3,3,15,0,0,5,0,1,0,153,1,0,0,0,0,0,0,5.7651219895288,5.0148708193721,9
1,0,1,0,0,0,22,0,0,0,32,10,4,0,1,220,1,3,0,0,0,6,10,0,0,0,8,23,0.74193548387097,0.58064516129032,0,1,0,0,1,0,0,0,0,0,0,19,0,0,0,0,0,0,0,2.0302741935484,2.4583048960811,2
1,21,6,3,10,0,22,0,0,0,6,0,0,0,1,248,1,120,0,0,0,104,85,20,68,12,263,240,0.47713717693837,2.1312127236581,21,6,3,10,32,0,0,12,0,0,0,400,0,0,0,0,0,0,0,8.0654115308151,7.0003302177608,7
1,1,1,1,2,0,2,0,0,1,6,0,0,0,1,248,-1,0,2,0,0,4,5,0,0,0,10,6,0.375,2.0625,0,0,0,0,2,0,0,1,0,0,0,0,0,0,0,0,2,0,0,3.7433125,3.019454208135,6
1,3,1,0,3,0,24,0,0,1,20,8,0,0,1,208,1,21,0,0,0,26,19,4,17,0,48,78,0.61904761904762,1.484126984127,3,1,0,3,13,0,0,4,0,0,0,115,0,0,0,0,0,0,0,3.3984047619048,3.0790007408722,6
1,12,3,1,2,0,20,0,0,1,4,24,0,0,1,296,1,52,4,0,0,43,25,12,20,0,103,100,0.49261083743842,2.2807881773399,12,3,1,2,19,0,0,6,0,0,0,158,0,0,0,0,4,0,0,5.0977645320197,4.0024530814531,8
1,6,2,3,6,0,24,0,0,1,18,16,0,0,1,208,-1,48,0,0,0,67,55,22,13,0,115,212,0.64831804281346,1.0489296636086,5,2,3,6,28,0,0,12,0,0,0,223,0,0,0,0,0,0,0,7.9633070336391,5.1410511991803,9
1,4,1,2,1,0,24,0,0,1,14,0,4,0,1,204,1,24,0,0,0,16,6,4,0,0,37,34,0.47887323943662,2.7464788732394,4,1,2,1,9,0,0,2,0,0,0,57,0,0,0,0,0,0,0,3.2446647887324,5.0685080900112,7
1,2,3,2,3,0,20,0,0,1,18,22,0,0,1,204,1,29,4,1,0,33,23,12,0,0,84,77,0.47826086956522,1.2670807453416,2,3,2,3,25,0,0,6,0,0,0,91,0,0,0,0,4,0,0,4.923552173913,7.3497962789306,8
1,2,6,0,1,0,8,0,0,1,18,22,0,0,1,204,-1,26,0,0,0,29,14,6,18,0,26,116,0.8169014084507,1.6830985915493,2,6,0,0,10,0,0,4,0,0,0,106,0,0,0,0,0,0,0,5.4512281690141,3.0152479712899,7
1,1,0,1,0,0,24,0,0,1,6,22,4,0,1,284,1,6,0,0,0,10,12,4,0,0,40,9,0.18367346938776,0.85714285714286,1,0,1,0,6,0,0,2,0,0,0,25,0,0,0,0,0,0,0,2.3323530612245,3.2705137320791,5
1,1,0,1,3,0,24,0,0,1,10,8,0,0,1,172,1,15,0,0,0,24,34,4,7,0,55,60,0.52173913043478,1.0521739130435,1,0,1,3,16,0,0,4,0,3,0,81,0,0,0,0,0,0,0,3.425547826087,4.2731136670496,6
1,2,0,3,1,0,20,0,0,1,6,22,4,0,1,284,1,18,0,0,0,18,29,2,0,0,48,39,0.44827586206897,1.5632183908046,2,0,3,1,7,0,0,3,0,0,0,53,0,0,0,0,0,0,0,2.7436517241379,5.2282124096961,6
1,1,5,1,2,0,22,0,0,1,6,22,4,0,1,284,1,27,0,0,0,36,24,4,14,1,64,111,0.63428571428571,1.4742857142857,1,5,1,2,12,0,0,2,0,0,0,121,0,0,0,0,0,0,0,3.3923605714286,6.22448010257,7
1,1,0,1,2,0,18,0,0,1,10,8,0,0,1,172,1,12,0,0,0,22,9,6,28,1,19,88,0.82242990654206,1.5981308411215,1,0,1,2,13,0,0,3,0,0,0,86,0,0,0,0,0,0,0,3.3902560747664,3.0180099644396,7
1,1,1,2,3,0,12,0,0,1,6,22,4,0,1,284,-1,18,0,0,0,22,22,10,13,1,85,23,0.21296296296296,1.5648148148148,1,1,2,2,12,0,0,6,0,0,0,84,0,0,0,0,0,0,0,5.4650712962963,4.0027002297915,8
1,1,0,0,0,0,24,0,0,0,14,30,4,0,1,232,1,3,0,0,0,5,5,0,0,0,16,8,0.33333333333333,0.70833333333333,1,0,0,0,2,0,0,0,0,0,0,20,0,0,0,0,0,0,0,1.8186333333333,1,1
1,0,1,0,0,0,24,0,0,0,14,14,4,0,1,248,1,3,0,0,0,5,5,0,0,0,8,17,0.68,0.76,0,1,0,0,2,0,0,0,0,0,0,17,0,0,0,0,0,0,0,2.074628,1,1
1,0,0,1,0,0,24,0,0,0,36,6,0,0,1,272,1,3,0,0,0,6,3,0,0,0,15,15,0.5,0.76666666666667,0,0,1,0,5,0,0,0,0,0,0,14,0,0,0,0,0,0,0,2.15175,1,2
1,0,0,0,1,0,24,0,0,1,36,6,0,0,1,272,1,3,0,0,0,12,9,6,0,0,34,24,0.41379310344828,0.74137931034483,0,0,0,1,4,0,0,3,0,0,0,13,0,0,0,0,0,0,0,2.3607862068966,1,2
1,0,1,0,0,0,12,0,0,1,8,12,0,0,1,248,1,2,0,0,0,11,4,0,0,0,12,40,0.76923076923077,0.40384615384615,0,1,0,0,2,0,0,0,0,0,1,2,0,0,0,0,0,0,0,2.0319230769231,2.074628,1
1,0,1,1,1,0,12,0,0,1,8,24,0,0,1,228,1,9,0,0,0,14,6,0,1,0,11,58,0.84057971014493,0.91304347826087,0,1,1,1,7,0,0,0,0,3,0,32,0,0,0,0,0,0,0,2.6002492753623,3.0294683284302,2
1,0,0,0,0,1,12,0,0,1,0,0,0,0,1,3744,-1,0,2,1,0,33,16,10,0,0,130,31,0.19254658385093,4.2981366459627,0,0,0,0,10,0,0,6,0,3,1,23,0,0,0,0,2,0,0,4.7307807453416,6,8
1,0,1,0,3,0,24,0,0,1,6,28,0,0,1,196,1,11,0,0,0,26,8,6,5,0,29,103,0.78030303030303,0.81818181818182,0,1,0,3,11,0,0,3,0,5,2,61,0,0,0,0,0,0,0,3.1211916666667,4.116783420291,3
1,0,2,0,2,0,18,0,0,1,14,10,0,0,1,212,1,11,0,0,0,28,14,10,12,0,19,118,0.86131386861314,0.83941605839416,0,2,0,2,15,0,0,5,0,3,2,90,0,0,0,0,0,0,0,3.6848058394161,5.1009092846101,4
1,0,0,0,0,0,8,0,0,1,34,10,0,0,1,228,1,0,0,0,0,0,0,0,0,0,0,0,0,0,0,0,0,0,0,0,0,0,0,0,0,0,0,0,0,0,0,0,0,1.3332,2.3943397625103,1
1,0,0,0,0,0,8,0,0,1,24,2,0,0,1,240,1,0,0,0,0,0,0,0,0,0,0,0,0,0,0,0,0,0,0,0,0,0,0,0,0,0,0,0,0,0,0,0,0,1.3332,2.1958039359761,1
1,0,1,0,2,0,8,0,0,1,0,10,4,0,1,268,1,7,0,0,0,27,11,6,18,0,19,116,0.85925925925926,0.80740740740741,0,1,0,2,13,0,0,3,0,3,3,89,0,0,0,0,0,0,0,3.1646859259259,3.0129813871612,4
1,1,2,5,1,0,6,0,0,1,20,2,0,0,1,196,1,25,0,0,0,27,10,2,0,0,35,96,0.73282442748092,1.4274809160305,1,2,5,1,13,0,0,1,0,2,2,76,0,0,0,0,0,0,0,3.4156473282443,4.0174313153428,4
1,0,0,0,0,1,4,0,0,1,0,0,0,0,1,3744,-1,0,1,1,0,19,14,2,0,0,74,24,0.24489795918367,4.2448979591837,0,0,0,0,4,0,0,2,0,2,2,23,0,0,0,0,1,0,0,3.8424040816327,6,6
1,0,0,0,0,1,10,0,0,1,0,0,0,0,1,3744,1,0,3,3,0,29,26,6,0,0,143,3,0.020547945205479,4.9178082191781,0,0,0,0,13,0,0,3,0,2,1,25,0,0,0,0,3,0,0,2.6820006849315,6,4
0,1,0,0,0,0,24,0,0,1,0,0,0,0,0,188,1,3,0,0,0,11,9,0,0,0,14,38,0.73076923076923,0.26923076923077,1,0,0,0,1,0,0,0,0,0,0,8,0,0,0,0,0,0,0,1.9639269230769,1,1
0,0,1,0,0,0,24,0,0,1,0,0,0,0,0,140,1,3,0,0,0,4,3,2,0,0,3,20,0.8695652173913,0.60869565217391,0,1,0,0,1,0,0,1,0,0,0,10,0,0,0,0,0,0,0,2.2781130434783,1,2
0,0,0,1,0,0,22,0,0,1,0,0,0,0,0,96,1,3,0,0,0,11,16,4,0,0,16,38,0.7037037037037,0.46296296296296,0,0,1,0,5,0,0,2,0,0,0,12,0,0,0,0,0,0,0,2.4940703703704,1,2
0,0,0,0,1,0,18,0,0,1,0,0,0,0,0,212,1,3,0,0,0,8,6,2,1,0,19,23,0.54761904761905,0.4047619047619,0,0,0,1,1,0,0,1,0,0,0,11,0,0,0,0,0,0,0,1.9972119047619,1,2
0,2,1,0,3,0,16,0,0,1,0,0,0,0,0,248,1,18,0,0,0,24,14,2,12,0,21,100,0.82644628099174,1.3057851239669,2,1,0,3,11,0,0,3,0,1,0,58,0,0,0,0,0,0,0,3.1220181818182,5.5316026039178,6
0,1,0,0,1,0,12,0,0,1,0,0,0,0,0,336,1,6,0,0,0,20,13,4,7,0,18,82,0.82,0.6,1,0,0,1,3,0,0,2,0,0,0,31,0,0,0,0,0,0,0,2.367422,2.0255427223139,6
0,2,0,2,1,0,8,0,0,1,0,0,4,0,0,332,-1,9,0,0,0,26,23,6,0,0,26,100,0.79365079365079,0.64285714285714,1,0,2,0,15,0,0,4,0,1,0,46,0,0,0,0,0,0,0,5.3495650793651,4.0304716245978,5
0,1,4,0,1,0,24,0,0,1,0,0,0,4,0,288,1,18,0,0,0,30,11,4,1,0,20,129,0.86577181208054,0.73825503355705,1,4,0,1,8,0,0,2,0,2,0,69,0,0,0,0,0,0,0,2.9541375838926,4.0704462173653,5
0,0,2,0,2,0,22,1,0,1,0,0,0,0,0,316,1,12,0,0,0,32,54,12,18,0,37,124,0.77018633540373,0.83850931677019,0,2,0,2,13,0,0,6,0,1,0,63,0,0,0,0,0,0,0,3.5985229813665,2.0238075452674,6
0,0,3,0,3,0,10,1,0,1,0,0,0,0,0,268,1,18,0,0,0,21,17,-2,2,0,24,83,0.77570093457944,1.0560747663551,0,3,0,3,7,0,0,3,0,0,0,43,0,0,0,0,0,0,0,2.5913392523364,3.007811641688,5
0,3,0,1,1,0,12,1,0,1,0,0,4,0,0,208,-1,11,0,0,0,25,43,10,3,0,41,84,0.672,0.76,1,0,1,1,14,0,0,6,0,0,0,38,0,0,0,0,0,0,0,5.5543312,4.0490829358548,7
0,1,5,1,2,0,20,1,0,1,26,8,4,0,1,224,-1,24,0,0,0,43,53,18,24,0,66,147,0.69014084507042,1.3051643192488,1,4,1,2,18,0,0,9,0,2,0,116,0,0,0,0,0,1,1,6.8406169014085,4.0835972361077,7
0,0,2,2,3,0,24,1,0,1,18,48,0,4,1,260,1,21,0,0,0,31,21,14,41,0,20,131,0.86754966887417,2.1920529801325,0,2,2,3,15,0,0,6,0,1,0,92,0,0,0,0,0,0,1,3.7390258278146,4.3817178719368,6
0,2,4,0,2,0,14,1,0,1,14,8,0,0,1,224,1,24,0,0,0,23,11,-2,19,0,11,100,0.9009009009009,1.7477477477477,2,4,0,2,5,0,0,1,0,0,0,74,0,0,0,0,0,0,0,2.6647441441441,5.053482215704,4
